ID,StoreName,Address,Category,StoreType,State,CityCN,Country,PostalCode,City,Street,HouseNumber,Latitude,Longitude,DailySales,MonthlySales,DailyTraffic,TrafficLevel,MachineCount
113,BER-China Restaurant Royal Pavillon,"Hans-Grade-Allee 18, 12529 Schönefeld,Germany",餐厅,大型自助餐厅,柏林,柏林,Germany,12529,Schönefeld,Hans-Grade-Allee,18,52.3931009,13.5012224,,,,,
114,BER-Buffet Restaurant Royal Garden,"Osdorfer Str. 26, 12207 Berlin,Germany",餐厅,大型自助餐厅,柏林,柏林,Germany,12207,Berlin,Osdorfer Str.,26,52.4161951,13.3152336,,,,,
117,STR-King´s Palace Stuttgart 皇朝酒家,"Schafgasse 3, 70563 Stuttgart
,Germany",餐厅,网红餐厅,巴符州,斯图加特,Germany,70563,Stuttgart,Schafgasse,3,48.7300693,9.1081902,,,,,
119,STR-Wow Chicken,"Friedenstraße 17, 71636 Ludwigsburg
,Germany",餐厅,网红小吃店,巴符州,斯图加特,Germany,71636,Ludwigsburg,Friedenstraße,17,48.889264,9.1775963,,,,,
120,DTM-Memories Dortmund,"Brennaborstraße 12, 44149 Dortmund,Germany",餐厅,大型自助餐厅,北威州,多特蒙德,Germany,44149,Dortmund,Brennaborstraße,12,51.494732,7.3797442,,,,,
121,STR-Dacein Handyshop,"Reinsburgstraße 59, 70178 Stuttgart,Germany",Kiosk,Kiosk,巴符州,斯图加特,Germany,70178,Stuttgart,Reinsburgstraße,59,48.7686609,9.1614193,,,,,
122,BER-ShaNiu's Market傻妞便利店,"Uhlandstraße 42, 10719 Berlin
,Germany",Kiosk,Kiosk,柏林,柏林,Germany,10719,Berlin,Uhlandstraße,42,52.4989262,13.324248,,,,,
123,BER-ShaNiu's House of Noodles 2,"Kurfürstenstraße 79, 10787 Berlin,Germany",餐厅,市中心商圈,柏林,柏林,Germany,10787,Berlin,Kurfürstenstraße,79,52.5041116,13.3464042,,,,,
124,BER-All Seasons,"Am Juliusturm 53, 13599 Berlin
,Germany",餐厅,大型自助餐厅,柏林,柏林,Germany,13599,Berlin,Am Juliusturm,53,52.5369384,13.2156491,,,,,
126,BER-Shoo Loong Kan Hot Pot 小龙坎,"Meinekestraße 22, 10719 Berlin,Germany",餐厅,连锁餐饮,柏林,柏林,Germany,10719,Berlin,Meinekestraße,22,52.5016523,13.3298358,,,,,
127,STR-Mino Internationale Lebensmittel,"Löwen-Markt 7, 70499 Stuttgart,Germany",Kiosk,Kiosk,巴符州,斯图加特,Germany,70499,Stuttgart,Löwen-Markt,7,48.8143508,9.112824,,,,,
128,NUE-Asia Copper House,"Fürther Str. 301, 90429 Nürnberg,Germany",餐厅,大型自助餐厅,巴伐利亚州,纽伦堡,Germany,90429,Nürnberg,Fürther Str.,301,49.4593859,11.0234034,,,,,
129,STR-kiosk24h,"König-Karl-Straße 69, 70372 Stuttgart,Germany",24小时店,24小时店,巴符州,斯图加特,Germany,70372,Stuttgart,König-Karl-Straße,69,48.8024417,9.2161295,,,,,
131,STR-Restaurant Asia World 金宫饭店,"Stuttgarter Str. 62-64, 70736 Fellbach
,Germany",餐厅,大型自助餐厅,巴符州,斯图加特,Germany,70736,Fellbach,Stuttgarter Str.,62,48.8133538,9.2682666,,,,,
132,STR-Hong Deng Ji 红灯记,"Schulstraße 1, 70173 Stuttgart,Germany",Club,Club,巴符州,斯图加特,Germany,70173,Stuttgart,Schulstraße,1,48.7755354,9.1774112,,,,,
134,STR-湘悦 中餐厅,"Unterländer Str. 68, 70435 Stuttgart,Germany",餐厅,网红餐厅,巴符州,斯图加特,Germany,70435,Stuttgart,Unterländer Str,68,48.832465,9.1684742,,,,,
136,BER-Yan Huo BBQ& Hotpot,"Kaiserdamm 89, 14057，Berlin,Germany",餐厅,市中心商圈,柏林,柏林,Germany,14057,Berlin,Kaiserdamm,89,52.5096503,13.2814169,,,,,
137,BER-OMO Restaurant Uber Platz,"Mildred-Harnack-Straße, Uber Platz 11/Etage G, 10243 Berlin,Germany",餐厅,热门打卡景点,柏林,柏林,Germany,10243,Berlin,Mildred-Harnack-Straße,Uber Platz 11,52.5055905,13.4422137,,,,,
138,BER-东吴酒家Restaurant Seepalast,"Fürstenwalder Allee 17, 12589 Berlin,Germany",餐厅,大型自助餐厅,柏林,柏林,Germany,12589,Berlin,Fürstenwalder Allee,17,52.4418311,13.6873169,,,,,
140,BER-旺角花园Hongkong Canteen,"Leonorenstraße 60, 12247 Berlin,Germany",餐厅,社区商业中心,柏林,柏林,Germany,12247,Berlin,Leonorenstraße,60,52.4397836,13.342697,,,,,
141,EDEKA Wirz Plaidt,"Fraukircher Str. 26 e, 56637 Plaidt
,Germany",KA商超,KA商超,莱法州,普莱特,Germany,56637,Plaidt,Fraukircher Str.,26,50.3894483,7.3827831,,,,,
142,EDEKA Wirz Daun,"Trierer Str. 13, 54550 Daun
,Germany",KA商超,KA商超,莱法州,道恩,Germany,54550,Daun,Trierer Str.,13,50.199061,6.8266724,,,,,
143,STR-美食美客SHABU SHABU,"Charlottenstraße 26, 70182 Stuttgart,Germany",餐厅,市中心商圈,巴符州,斯图加特,Germany,70182,Stuttgart,Charlottenstraße,26,48.7737196,9.185804,,,,,
144,ULM-HongYunLai,"Einsteinstraße 59, 89077 Ulm,Germany",餐厅,大型自助餐厅,巴符州,乌尔姆,Germany,89077,Ulm,Einsteinstraße,59,48.3973425,9.9588784,,,,,
145,HDH-Appetize,"Siemensstraße 85, 89520 Heidenheim an der Brenz,Germany",餐厅,大型自助餐厅,巴符州,海登海姆,Germany,89520,Heidenheim an der Brenz,Siemensstraße,85,48.6904178,10.1629415,,,,,
146,BER-鸿兴-沃德餐厅,"Sachsenkorso 99, 15834 Rangsdorf,Germany",餐厅,社区商业中心,柏林,柏林,Germany,15834,Rangsdorf,Sachsenkorso,99,52.2983551,13.4441802,,,,,
147,BER-Chuan Garden,"Torstraße 189, 10115 Berlin,Germany",餐厅,市中心商圈,柏林,柏林,Germany,10115,Berlin,Torstraße,189,52.528498,13.3926518,,,,,
148,BER-玉皇宫Kaiser-Pavillon,"Alte Berliner Str. 20, 15366 Hoppegarten,Germany",餐厅,社区商业中心,柏林,柏林,Germany,15366,Hoppegarten,Alte Berliner Str.,20,52.5011743,13.655755,,,,,
149,BER-Billard House Friedrichshain,"Rudolfstraße 1-8, 10245 Berlin,Germany",Club,Club,柏林,柏林,Germany,10245,Berlin,Rudolfstraße,1,52.5044038,13.4522344,,,,,
150,FRA-K4 karaoke,"Hanauer Landstraße 5, 60314 Frankfurt am Main,Germany",Club,Club,黑森州,法兰克福,Germany,60314,Frankfurt am Main,Hanauer Landstraße,5,50.1136393,8.6960251,,,,,
151,FRA-Shi He,"Berner Str. 119, 60437 Frankfurt am Main,Germany",餐厅,社区商业中心,黑森州,法兰克福,Germany,60437,Frankfurt am Main,Berner Str.,119,50.1901049,8.6584662,,,,,
152,BER-Shifang House,"Rankestraße 32, 10789 Berlin,Germany",餐厅,市中心商圈,柏林,柏林,Germany,10789,Berlin,Rankestraße,32,52.5032295,13.3349112,,,,,
153,CGN-福馆China Fortuna Haus,"Andreaskloster 10, 50667 Köln,Germany",餐厅,热门打卡景点,北威州,科隆,Germany,50667,Köln,Andreaskloster,10,50.942213,6.955297,,,,,
154,MUH-Shao Xing (Asia Mongolei),"Weseler Str. 120, 45478 Mülheim an der Ruhr,Germany",餐厅,网红餐厅,北威州,锡根,Germany,45478,Mülheim an der Ruhr,Weseler Str.,120,51.4350815,6.8393623,,,,,
155,SGE-Dynasty Restaurant,"Weidenauer Str. 5, 57078 Siegen,Germany",餐厅,社区商业中心,北威州,米尔海姆,Germany,57078,Siegen,Weidenauer Str.,5,50.907234,8.0140597,,,,,
156,SOE-Asiapalast Soest,"Boleweg 7, 59494 Soest,Germany",餐厅,大型自助餐厅,北威州,索斯特,Germany,59494,Soest,Boleweg,7,51.5601899,8.0843299,,,,,
158,STR-Handy Station,"Stuttgarter Str. 4, 71032 Böblingen,Germany",Kiosk,Kiosk,巴符州,斯图加特,Germany,71032,Böblingen,Stuttgarter Str.,4,48.6860466,9.0158134,,,,,
162,STR-A-Z Handydoktor,"Kalter Markt 10, 73525 Schwäbisch Gmünd,Germany",Kiosk,Kiosk,巴符州,施瓦本格明德,Germany,73525,Schwäbisch Gmünd,Kalter Markt,10,48.8005707,9.8003546,,,,,
161,KAR-Asia Xiongdi Supermarket,"Fritz-Erler-Straße 1-3, 76133 Karlsruhe,Germany",KA商超,商超,巴符州,卡尔斯鲁厄,Germany,76133,Karlsruhe,Fritz-Erler-Straße,1,49.0090046,8.4104358,,,,,
160,KAR-China Restaurant Rui An,"Ebertstraße 17, 76135 Karlsruhe,Germany",餐厅,市中心商圈,巴符州,卡尔斯鲁厄,Germany,76135,Karlsruhe,Ebertstraße,17,48.9944841,8.3927285,,,,,
157,FRA-零點串吧,"Münchener Str. 46, 60329 Frankfurt am Main,Germany",餐厅,网红餐厅,黑森州,法兰克福,Germany,60329,Frankfurt am Main,Münchener Str.,46,50.1072181,8.6667903,,,,,
302,STR-Efes Kebaphaus Stuttgart,"Osterbronnstraße 82, 70565 Stuttgart,Germany",餐厅,网红餐厅,巴符州,斯图加特,Germany,70565,Stuttgart,Osterbronnstraße,82,48.7191517,9.1171728,,,,,
310,Phoenix Restaurant 凤凰城,"Kamp 30 -32,33098 Paderborn,Germany",餐厅,市中心商圈,北威州,帕德伯恩,Germany,33098,Paderborn,Kamp,30,51.7168375,8.7571906,,,,,
165,百味坊 Bai Wei Fang,"Friedrich-Ebert-Straße 53, 40210 Düsseldorf,Germany",餐厅,网红小吃店,北威州,杜塞尔多夫,Germany,40210,Düsseldorf,Friedrich-Ebert-Straße,53,51.2208889,6.7909507,,,,,
304,Red Sun Restaurant,"Am Königshof 6-8,
 40822 Mettmann,Germany",餐厅,大型自助餐厅,北威州,杜塞尔多夫,Germany,40822,Mettmann,Am Königshof,6,51.2497881,6.9769986,,,,,
185,Mongol Hann Kerpen,"Sindorfer Str. 9, 50171 Kerpen,Germany",餐厅,市中心商圈,北威州,凯尔彭,Germany,50171,Kerpen,Sindorfer Str.,9,50.874533,6.6921527,,,,,
164,Mongol Hann Düren,"Josef-Schregel-Straße 29, 52349 Düren,Germany",餐厅,大型自助餐厅,北威州,迪伦,Germany,52349,Düren,Josef-Schregel-Straße,29,50.809548,6.4793505,,,,,
163,Restaurant WanHao,"Neumühle 7, 41812 Erkelenz,Germany",餐厅,大型自助餐厅,北威州,Erkelenz 北威,Germany,41812,Erkelenz,Neumühle,7,51.0746817,6.3045173,,,,,
159,Chinakrone 皇冠大酒店,"Hagenauer Str. 40C, 65203 Wiesbaden,Germany",餐厅,大型自助餐厅,黑森州,wiesbaden,Germany,65203,Wiesbaden,Hagenauer Str.,40C,50.047703,8.2155575,,,,,
184,Kaisergarten,"Industriestraße 2, 52134 Herzogenrath,Germany",餐厅,大型自助餐厅,北威州,北威,Germany,52134,Herzogenrath,Industriestraße,2,50.8331131,6.0780136,,,,,
170,Chinarestaurant Shanghai 上海酒家,"Weichselstr 36 Ecke Frankfurter Allee/Weichselstr, 
Frankfurter Allee 90, 10247 Berlin,Germany",餐厅,网红餐厅,柏林,柏林,Germany,10247,Berlin,Frankfurter Allee,90,52.5138649,13.4708542,,,,,
169,Freestyle Burger & Pizza,"Seddiner Str. 8, 10315 Berlin,Germany",餐厅,车站餐厅,柏林,柏林,Germany,10315,Berlin,Seddiner Str.,8,52.5137512,13.5215447,,,,,
168,Wo Billard Treff 1,"Uhlandstraße 106, 10717 Berlin,Germany",Club,Club,柏林,柏林,Germany,10717,Berlin,Uhlandstraße,106,52.487797,13.3229117,,,,,
171,Wo Billard Treff 2,"Uhlandstraße 106, 10717 Berlin,Germany",Club,Club,柏林,柏林,Germany,10717,Berlin,Uhlandstraße,106,52.487797,13.3229117,,,,,
166,By Ali,"Kantstraße 38, 10625 Berlin,Germany",餐厅,24小时餐厅,柏林,柏林,Germany,10625,Berlin,Kantstraße,38,52.506441,13.3146508,,,,,
167,"Cocktailbar & Shisha Lounge
 ""NESSEBAR""","Kaiser-Friedrich-Straße 49, 10627 Berlin,Germany",Club,水烟吧,柏林,柏林,Germany,10627,Berlin,Kaiser-Friedrich-Straße,49,52.5071415,13.3019568,,,,,
177,MIDAM Korean BBQ Restaurant,"Stuttgarter Pl. 28, 10627 Berlin,Germany",餐厅,网红餐厅,柏林,柏林,Germany,10627,Berlin,Stuttgarter Pl.,28,52.5049257,13.3011849,,,,,
178,Cheers Ktv Bar,"Wilmersdorfer Str. 76, 10629 Berlin,Germany",Club,Club,柏林,柏林,Germany,10629,Berlin,Wilmersdorfer Str.,76,52.5028379,13.3074843,,,,,
309,Golden Bay,"Loggerweg 9-10, 18055 Rostock,Germany",餐厅,大型自助餐厅,梅前州,罗斯托克,Germany,18055,Rostock,Loggerweg,9,54.0926207,12.1494514,,,,,
191,China-Restaurant Phönix,"Baurstraße 2, 22605 Hamburg,Germany",餐厅,大型自助餐厅,汉堡,汉堡,Germany,22605,Hamburg,Baurstraße,2,53.5577811,9.9002936,,,,,
301,Chengdu Restaurant,"Breitenbachpl. 8, 14195 Berlin,Germany",餐厅,市中心商圈,柏林,柏林,Germany,14195,Berlin,Breitenbachpl,8,52.4674725,13.3081963,,,,,
307,PETER PANE Burgergrill & Bar,"Friedrichspl. 2-3, 34117 Kassel, Germany,Germany",餐厅,市中心商圈,黑森州,卡塞尔,Germany,34117,Kassel,Friedrichspl.,2,51.3131809,9.4948436,,,,,
308,Schönfelder Späti,"Schönfelder Str. 18, 34121 Kassel, Germany,Germany",Kiosk,Kiosk,黑森州,卡塞尔,Germany,34121,Kassel,Schönfelder Str.,18,51.3103712,9.469422,,,,,
176,BER-Hong Shun 鸿顺酒楼,"Falkenhagener Str. 68, 14612 Falkensee,Germany",餐厅,网红餐厅,柏林,柏林,Germany,14612,Berlin,Falkenhagener Str.,68,52.5703815,13.0942204,,,,,
179,STR-Asia Gourmet东方美食城,"Rennstraße 30, 73728 Esslingen am Neckar,Germany",餐厅,网红餐厅,巴符州,斯图加特,Germany,73728,Stuttgart,Rennstraße,30,48.7306265,9.3229621,,,,,
180,STR-Asian Shop Leonberg,"Römerstraße 68, 71229 Leonberg,Germany",Kiosk,Kiosk,巴符州,斯图加特,Germany,71229,Stuttgart,Römerstraße,68,48.7966944,9.0093478,,,,,
181,STR-Asia Markt & Kiosk,"Bahnhofstraße 19, 74372 Sersheim,Germany",Kiosk,Kiosk,巴符州,斯图加特,Germany,74372,Stuttgart,Bahnhofstraße,19,48.9587475,9.0169659,,,,,
182,WIE-TAKUMI Wiesbaden,"Friedrichstraße 55, 65185 Wiesbaden,Germany",餐厅,市中心商圈,黑森州,威斯巴登,Germany,65185,Wiesbaden,Friedrichstraße,55,50.0804197,8.2369988,,,,,
183,FRA-Ramada Hotel Frankfurt,"Weserstr. 17, 60329 Frankfurt am Main,Germany",餐厅,网红餐厅,黑森州,法兰克福,Germany,60329,Frankfurt am Main,Weserstr.,17,50.1083107,8.6695784,,,,,
311,Spicy Temptation 川流火锅,"Ungererstraße 56, 80805 München,Germany",餐厅,网红餐厅,巴伐利亚州,慕尼黑,Germany,80805,München,Ungererstraße,56,48.1666147,11.5906569,,,,,
312,Oishii Sushi & Grill Restaurant,"Wilhelmstraße 58a, 65183 Wiesbaden,Germany",餐厅,网红餐厅,黑森州,威斯巴登,Germany,65183,Wiesbaden,Wilhelmstraße,58a,50.0854456,8.2437279,,,,,
313,豪客来酒楼中餐馆 CHIN-THAI,"Hanauer Str. 15, 61169 Friedberg (Hessen),Germany",餐厅,大型自助餐厅,黑森州,弗里德贝格,Germany,61169,Friedberg,Hanauerstr,15,50.3342724,8.7588629,,,,,
314,Munich Germanstyle Trade & Shop GmbH,"Thomas-Wimmer-Ring 1 80539 München,Germany",零售,综合零售店,巴伐利亚州,慕尼黑,Germany,80805,München,Thomas-Wimmer-Ring,1,48.1353741,11.5823473,,,,,
315,Shangri-La 华盛酒楼,"Vilsstraße 26, 93059 Regensburg,Germany",餐厅,网红餐厅,巴伐利亚州,雷根斯堡,Germany,93059,Regensburg,Vilsstraße,26,49.0264879,12.1243119,,,,,
316,Asia Restaurant Liu,"Von-Seeckt-Straße 23, 93053 Regensburg,Germany",餐厅,网红餐厅,巴伐利亚州,雷根斯堡,Germany,93053,Regensburg,Von-Seeckt-Straße,23,48.9999436,12.1228015,,,,,
317,Restaurant Yanas旺盛大酒店,"Professor-Zintl-Straße 7,92637 Weiden in der Oberpfalz,Germany",餐厅,大型自助餐厅,巴伐利亚州,上普法尔茨地区魏登,Germany,92637,Weiden in der Oberpfalz,Professor-Zintl-Straße,7,49.6927362,12.1364795,,,,,
190,Asia World金宫大饭店,"Hinterangerstraße 3, 85051 Ingolstadt,Germany",餐厅,大型自助餐厅,巴伐利亚州,因戈尔施塔特,Germany,85051,Ingolstadt,Hinterangerstraße,3,48.7360923,11.4370606,,,,,
319,Cooking Asia Freising亚洲美食城,"Angerstraße 19,85354 Freising,Germany",餐厅,社区商业中心,巴伐利亚州,弗赖辛,Germany,85354,Freising,Angerstraße,19,48.38736,11.73339,,,,,
320,Asia Palast Bischberg鑫源大酒楼,"Industriestraße 2，96120 Bischberg,Germany",餐厅,大型自助餐厅,巴伐利亚州,比施贝格,Germany,96120,Bischberg,Industriestraße,2,49.9165033,10.8132436,,,,,
194,Jade Running-Sushi Restaurant,"Ochsenzoller Str. 194, 22848 Norderstedt,Germany",餐厅,网红餐厅,石荷州,诺德施泰特,Germany,22848,Norderstedt,Ochsenzoller Str,194,53.6813473,9.993857,,,,,
192,Mauzi Mami Dumpling,"Lange Reihe 2, 20099 Hamburg,Germany",餐厅,网红餐厅,汉堡州,汉堡,Germany,20099,Hamburg,Lange Reihe,2,53.5551672,10.008602,,,,,
193,Yin Seafood Restaurant,"Große Elbstraße 133/135, 22767 Hamburg,Germany",餐厅,网红餐厅,汉堡州,汉堡,Germany,22767,Hamburg,Große Elbstraße,133/135,53.5444473,9.9387395,,,,,
186,Mr. Wang,"Celler Str. 69, 29525 Uelzen,Germany",餐厅,大型自助餐厅,下萨克森州,于尔岑,Germany,29525,Uelzen,Celler Str,69,52.9479852,10.5453783,,,,,
172,China-Stammtisch "Kimbo Burg","Otto-von-Guericke-Straße 107, 39104 Magdeburg,Germany",餐厅,网红餐厅,萨安州,马格德堡,Germany,39104,Magdeburg,Otto-von-Guericke-Straße,107,52.132787,11.633159,,,,,
326,BukChon Korean Kitchen,"Katharinenstraße 5, 70182 Stuttgart,Germany",餐厅,网红餐厅,巴符州,斯图加特,Germany,70182,Stuttgart,Katharinenstraße,5,48.7717263,9.1798105,,,,,
327,小龙坎 慕尼黑,"FORUM Schwanthalerhöhe, Theresienhöhe 5, 80339 München,Germany",餐厅,连锁餐饮,巴伐利亚州,慕尼黑,Germany,80339,München,Theresienhöhe,5,48.136676,11.5470738,,,,,
328,Restaurant shokuji,"Gollierstraße 4, 80339 München,Germany",餐厅,大型自助餐厅,巴伐利亚州,慕尼黑,Germany,80339,München,Gollierstraße,4,48.1357466,11.5471201,,,,,
329,帝苑中餐馆 King's Garden Restaurant,"Hermann-Böcker-Straße 13, 82140 Olching,Germany",餐厅,大型自助餐厅,巴伐利亚州,奥尔兴,Germany,82140,Olching,Hermann-Böcker-Straße,13,48.2213654,11.3299158,,,,,
330,Gourmet Lin,"Zollersbühnstraße 2, 76437 Rastatt,Germany",餐厅,大型自助餐厅,巴符州,拉施塔特,Germany,76437,Rastatt,Zollersbühnstraße,2,48.8597599,8.2322415,,,,,
331,China Restaurant SanBao,"Burgpl. 2, 72764 Reutlingen,Germany",餐厅,网红餐厅,巴符州,罗伊特林根,Germany,72764,Reutlingen,Burgpl.,2,48.4902076,9.216991,,,,,
332,"New Shanghai Restaurant
新上海","Leitzstraße 47, Heilbronner Str. 291, 70469 Stuttgart,Germany",餐厅,大型自助餐厅,巴符州,斯图加特,Germany,70469,Stuttgart,Leitzstraße,47,48.8129425,9.1784505,,,,,
188,MUC-Tax Free Shop免税店,"Thomas-Wimmer-Ring 1, 80539 München",零售,Kiosk,巴伐利亚州,慕尼黑,Germany,80539,München,Thomas-Wimmer-Ring,1,48.13543,11.58237,,,,,
,,,,,,,,,,,,,,,,,,
,,,,,,,,,,,,,,,,,,
,,,,,,,,,,,,,,,,,,
,,,,,,,,,,,,,,,,,,
,,,,,,,,,,,,,,,,,,
,,,,,,,,,,,,,,,,,,
,,,,,,,,,,,,,,,,,,
,,,,,,,,,,,,,,,,,,
,,,,,,,,,,,,,,,,,,
,,,,,,,,,,,,,,,,,,
,,,,,,,,,,,,,,,,,,
,,,,,,,,,,,,,,,,,,
,,,,,,,,,,,,,,,,,,
,,,,,,,,,,,,,,,,,,
,,,,,,,,,,,,,,,,,,
,,,,,,,,,,,,,,,,,,
,,,,,,,,,,,,,,,,,,
,,,,,,,,,,,,,,,,,,
,,,,,,,,,,,,,,,,,,
,,,,,,,,,,,,,,,,,,
,,,,,,,,,,,,,,,,,,
,,,,,,,,,,,,,,,,,,
,,,,,,,,,,,,,,,,,,
,,,,,,,,,,,,,,,,,,
,,,,,,,,,,,,,,,,,,
,,,,,,,,,,,,,,,,,,
,,,,,,,,,,,,,,,,,,
,,,,,,,,,,,,,,,,,,
,,,,,,,,,,,,,,,,,,
,,,,,,,,,,,,,,,,,,
,,,,,,,,,,,,,,,,,,
,,,,,,,,,,,,,,,,,,
,,,,,,,,,,,,,,,,,,
,,,,,,,,,,,,,,,,,,
,,,,,,,,,,,,,,,,,,
,,,,,,,,,,,,,,,,,,
,,,,,,,,,,,,,,,,,,
,,,,,,,,,,,,,,,,,,
,,,,,,,,,,,,,,,,,,
,,,,,,,,,,,,,,,,,,
,,,,,,,,,,,,,,,,,,
,,,,,,,,,,,,,,,,,,
,,,,,,,,,,,,,,,,,,
,,,,,,,,,,,,,,,,,,
,,,,,,,,,,,,,,,,,,
,,,,,,,,,,,,,,,,,,
,,,,,,,,,,,,,,,,,,
,,,,,,,,,,,,,,,,,,
,,,,,,,,,,,,,,,,,,
,,,,,,,,,,,,,,,,,,
,,,,,,,,,,,,,,,,,,
,,,,,,,,,,,,,,,,,,
,,,,,,,,,,,,,,,,,,
,,,,,,,,,,,,,,,,,,
,,,,,,,,,,,,,,,,,,
,,,,,,,,,,,,,,,,,,
,,,,,,,,,,,,,,,,,,
,,,,,,,,,,,,,,,,,,
,,,,,,,,,,,,,,,,,,
,,,,,,,,,,,,,,,,,,
,,,,,,,,,,,,,,,,,,
,,,,,,,,,,,,,,,,,,
,,,,,,,,,,,,,,,,,,
,,,,,,,,,,,,,,,,,,
,,,,,,,,,,,,,,,,,,
,,,,,,,,,,,,,,,,,,
,,,,,,,,,,,,,,,,,,
,,,,,,,,,,,,,,,,,,
,,,,,,,,,,,,,,,,,,
,,,,,,,,,,,,,,,,,,
,,,,,,,,,,,,,,,,,,
,,,,,,,,,,,,,,,,,,
,,,,,,,,,,,,,,,,,,
,,,,,,,,,,,,,,,,,,
,,,,,,,,,,,,,,,,,,
,,,,,,,,,,,,,,,,,,
,,,,,,,,,,,,,,,,,,
,,,,,,,,,,,,,,,,,,
,,,,,,,,,,,,,,,,,,
,,,,,,,,,,,,,,,,,,
,,,,,,,,,,,,,,,,,,
,,,,,,,,,,,,,,,,,,
,,,,,,,,,,,,,,,,,,
,,,,,,,,,,,,,,,,,,
,,,,,,,,,,,,,,,,,,
,,,,,,,,,,,,,,,,,,
,,,,,,,,,,,,,,,,,,
,,,,,,,,,,,,,,,,,,
,,,,,,,,,,,,,,,,,,
,,,,,,,,,,,,,,,,,,
,,,,,,,,,,,,,,,,,,
,,,,,,,,,,,,,,,,,,
,,,,,,,,,,,,,,,,,,
,,,,,,,,,,,,,,,,,,
,,,,,,,,,,,,,,,,,,
,,,,,,,,,,,,,,,,,,
,,,,,,,,,,,,,,,,,,
,,,,,,,,,,,,,,,,,,
,,,,,,,,,,,,,,,,,,
,,,,,,,,,,,,,,,,,,
,,,,,,,,,,,,,,,,,,
,,,,,,,,,,,,,,,,,,
,,,,,,,,,,,,,,,,,,
,,,,,,,,,,,,,,,,,,
,,,,,,,,,,,,,,,,,,
,,,,,,,,,,,,,,,,,,
,,,,,,,,,,,,,,,,,,
,,,,,,,,,,,,,,,,,,
,,,,,,,,,,,,,,,,,,
,,,,,,,,,,,,,,,,,,
,,,,,,,,,,,,,,,,,,
,,,,,,,,,,,,,,,,,,
,,,,,,,,,,,,,,,,,,
,,,,,,,,,,,,,,,,,,
,,,,,,,,,,,,,,,,,,
,,,,,,,,,,,,,,,,,,
,,,,,,,,,,,,,,,,,,
,,,,,,,,,,,,,,,,,,
,,,,,,,,,,,,,,,,,,
,,,,,,,,,,,,,,,,,,
,,,,,,,,,,,,,,,,,,
,,,,,,,,,,,,,,,,,,
,,,,,,,,,,,,,,,,,,
,,,,,,,,,,,,,,,,,,
,,,,,,,,,,,,,,,,,,
,,,,,,,,,,,,,,,,,,
,,,,,,,,,,,,,,,,,,
,,,,,,,,,,,,,,,,,,
,,,,,,,,,,,,,,,,,,
,,,,,,,,,,,,,,,,,,
,,,,,,,,,,,,,,,,,,
,,,,,,,,,,,,,,,,,,
,,,,,,,,,,,,,,,,,,
,,,,,,,,,,,,,,,,,,
,,,,,,,,,,,,,,,,,,
,,,,,,,,,,,,,,,,,,
,,,,,,,,,,,,,,,,,,
,,,,,,,,,,,,,,,,,,
,,,,,,,,,,,,,,,,,,
,,,,,,,,,,,,,,,,,,
,,,,,,,,,,,,,,,,,,
,,,,,,,,,,,,,,,,,,
,,,,,,,,,,,,,,,,,,
,,,,,,,,,,,,,,,,,,
,,,,,,,,,,,,,,,,,,
,,,,,,,,,,,,,,,,,,
,,,,,,,,,,,,,,,,,,
,,,,,,,,,,,,,,,,,,
,,,,,,,,,,,,,,,,,,
,,,,,,,,,,,,,,,,,,
,,,,,,,,,,,,,,,,,,
,,,,,,,,,,,,,,,,,,
,,,,,,,,,,,,,,,,,,
,,,,,,,,,,,,,,,,,,
,,,,,,,,,,,,,,,,,,
,,,,,,,,,,,,,,,,,,
,,,,,,,,,,,,,,,,,,
,,,,,,,,,,,,,,,,,,
,,,,,,,,,,,,,,,,,,
,,,,,,,,,,,,,,,,,,
,,,,,,,,,,,,,,,,,,
,,,,,,,,,,,,,,,,,,
,,,,,,,,,,,,,,,,,,
,,,,,,,,,,,,,,,,,,
,,,,,,,,,,,,,,,,,,
,,,,,,,,,,,,,,,,,,
,,,,,,,,,,,,,,,,,,
,,,,,,,,,,,,,,,,,,
,,,,,,,,,,,,,,,,,,
,,,,,,,,,,,,,,,,,,
,,,,,,,,,,,,,,,,,,
,,,,,,,,,,,,,,,,,,
,,,,,,,,,,,,,,,,,,
,,,,,,,,,,,,,,,,,,
,,,,,,,,,,,,,,,,,,
,,,,,,,,,,,,,,,,,,
,,,,,,,,,,,,,,,,,,
,,,,,,,,,,,,,,,,,,
,,,,,,,,,,,,,,,,,,
,,,,,,,,,,,,,,,,,,
,,,,,,,,,,,,,,,,,,
,,,,,,,,,,,,,,,,,,
,,,,,,,,,,,,,,,,,,
,,,,,,,,,,,,,,,,,,
,,,,,,,,,,,,,,,,,,
,,,,,,,,,,,,,,,,,,
,,,,,,,,,,,,,,,,,,
,,,,,,,,,,,,,,,,,,
,,,,,,,,,,,,,,,,,,
,,,,,,,,,,,,,,,,,,
,,,,,,,,,,,,,,,,,,
,,,,,,,,,,,,,,,,,,
,,,,,,,,,,,,,,,,,,
,,,,,,,,,,,,,,,,,,
,,,,,,,,,,,,,,,,,,
,,,,,,,,,,,,,,,,,,
,,,,,,,,,,,,,,,,,,
,,,,,,,,,,,,,,,,,,
,,,,,,,,,,,,,,,,,,
,,,,,,,,,,,,,,,,,,
,,,,,,,,,,,,,,,,,,
,,,,,,,,,,,,,,,,,,
,,,,,,,,,,,,,,,,,,
,,,,,,,,,,,,,,,,,,
,,,,,,,,,,,,,,,,,,
,,,,,,,,,,,,,,,,,,
,,,,,,,,,,,,,,,,,,
,,,,,,,,,,,,,,,,,,
,,,,,,,,,,,,,,,,,,
,,,,,,,,,,,,,,,,,,
,,,,,,,,,,,,,,,,,,
,,,,,,,,,,,,,,,,,,
,,,,,,,,,,,,,,,,,,
,,,,,,,,,,,,,,,,,,
,,,,,,,,,,,,,,,,,,
,,,,,,,,,,,,,,,,,,
,,,,,,,,,,,,,,,,,,
,,,,,,,,,,,,,,,,,,
,,,,,,,,,,,,,,,,,,
,,,,,,,,,,,,,,,,,,
,,,,,,,,,,,,,,,,,,
,,,,,,,,,,,,,,,,,,
,,,,,,,,,,,,,,,,,,
,,,,,,,,,,,,,,,,,,
,,,,,,,,,,,,,,,,,,
,,,,,,,,,,,,,,,,,,
,,,,,,,,,,,,,,,,,,
,,,,,,,,,,,,,,,,,,
,,,,,,,,,,,,,,,,,,
,,,,,,,,,,,,,,,,,,
,,,,,,,,,,,,,,,,,,
,,,,,,,,,,,,,,,,,,
,,,,,,,,,,,,,,,,,,
,,,,,,,,,,,,,,,,,,
,,,,,,,,,,,,,,,,,,
,,,,,,,,,,,,,,,,,,
,,,,,,,,,,,,,,,,,,
,,,,,,,,,,,,,,,,,,
,,,,,,,,,,,,,,,,,,
,,,,,,,,,,,,,,,,,,
,,,,,,,,,,,,,,,,,,
,,,,,,,,,,,,,,,,,,
,,,,,,,,,,,,,,,,,,
,,,,,,,,,,,,,,,,,,
,,,,,,,,,,,,,,,,,,
,,,,,,,,,,,,,,,,,,
,,,,,,,,,,,,,,,,,,
,,,,,,,,,,,,,,,,,,
,,,,,,,,,,,,,,,,,,
,,,,,,,,,,,,,,,,,,
,,,,,,,,,,,,,,,,,,
,,,,,,,,,,,,,,,,,,
,,,,,,,,,,,,,,,,,,
,,,,,,,,,,,,,,,,,,
,,,,,,,,,,,,,,,,,,
,,,,,,,,,,,,,,,,,,
,,,,,,,,,,,,,,,,,,
,,,,,,,,,,,,,,,,,,
,,,,,,,,,,,,,,,,,,
,,,,,,,,,,,,,,,,,,
,,,,,,,,,,,,,,,,,,
,,,,,,,,,,,,,,,,,,
,,,,,,,,,,,,,,,,,,
,,,,,,,,,,,,,,,,,,
,,,,,,,,,,,,,,,,,,
,,,,,,,,,,,,,,,,,,
,,,,,,,,,,,,,,,,,,
,,,,,,,,,,,,,,,,,,
,,,,,,,,,,,,,,,,,,
,,,,,,,,,,,,,,,,,,
,,,,,,,,,,,,,,,,,,
,,,,,,,,,,,,,,,,,,
,,,,,,,,,,,,,,,,,,
,,,,,,,,,,,,,,,,,,
,,,,,,,,,,,,,,,,,,
,,,,,,,,,,,,,,,,,,
,,,,,,,,,,,,,,,,,,
,,,,,,,,,,,,,,,,,,
,,,,,,,,,,,,,,,,,,
,,,,,,,,,,,,,,,,,,
,,,,,,,,,,,,,,,,,,
,,,,,,,,,,,,,,,,,,
,,,,,,,,,,,,,,,,,,
,,,,,,,,,,,,,,,,,,
,,,,,,,,,,,,,,,,,,
,,,,,,,,,,,,,,,,,,
,,,,,,,,,,,,,,,,,,
,,,,,,,,,,,,,,,,,,
,,,,,,,,,,,,,,,,,,
,,,,,,,,,,,,,,,,,,
,,,,,,,,,,,,,,,,,,
,,,,,,,,,,,,,,,,,,
,,,,,,,,,,,,,,,,,,
,,,,,,,,,,,,,,,,,,
,,,,,,,,,,,,,,,,,,
,,,,,,,,,,,,,,,,,,
,,,,,,,,,,,,,,,,,,
,,,,,,,,,,,,,,,,,,
,,,,,,,,,,,,,,,,,,
,,,,,,,,,,,,,,,,,,
,,,,,,,,,,,,,,,,,,
,,,,,,,,,,,,,,,,,,
,,,,,,,,,,,,,,,,,,
,,,,,,,,,,,,,,,,,,
,,,,,,,,,,,,,,,,,,
,,,,,,,,,,,,,,,,,,
,,,,,,,,,,,,,,,,,,
,,,,,,,,,,,,,,,,,,
,,,,,,,,,,,,,,,,,,
,,,,,,,,,,,,,,,,,,
,,,,,,,,,,,,,,,,,,
,,,,,,,,,,,,,,,,,,
,,,,,,,,,,,,,,,,,,
,,,,,,,,,,,,,,,,,,
,,,,,,,,,,,,,,,,,,
,,,,,,,,,,,,,,,,,,
,,,,,,,,,,,,,,,,,,
,,,,,,,,,,,,,,,,,,
,,,,,,,,,,,,,,,,,,
,,,,,,,,,,,,,,,,,,
,,,,,,,,,,,,,,,,,,
,,,,,,,,,,,,,,,,,,
,,,,,,,,,,,,,,,,,,
,,,,,,,,,,,,,,,,,,
,,,,,,,,,,,,,,,,,,
,,,,,,,,,,,,,,,,,,
,,,,,,,,,,,,,,,,,,
,,,,,,,,,,,,,,,,,,
,,,,,,,,,,,,,,,,,,
,,,,,,,,,,,,,,,,,,
,,,,,,,,,,,,,,,,,,
,,,,,,,,,,,,,,,,,,
,,,,,,,,,,,,,,,,,,
,,,,,,,,,,,,,,,,,,
,,,,,,,,,,,,,,,,,,
,,,,,,,,,,,,,,,,,,
,,,,,,,,,,,,,,,,,,
,,,,,,,,,,,,,,,,,,
,,,,,,,,,,,,,,,,,,
,,,,,,,,,,,,,,,,,,
,,,,,,,,,,,,,,,,,,
,,,,,,,,,,,,,,,,,,
,,,,,,,,,,,,,,,,,,
,,,,,,,,,,,,,,,,,,
,,,,,,,,,,,,,,,,,,
,,,,,,,,,,,,,,,,,,
,,,,,,,,,,,,,,,,,,
,,,,,,,,,,,,,,,,,,
,,,,,,,,,,,,,,,,,,
,,,,,,,,,,,,,,,,,,
,,,,,,,,,,,,,,,,,,
,,,,,,,,,,,,,,,,,,
,,,,,,,,,,,,,,,,,,
,,,,,,,,,,,,,,,,,,
,,,,,,,,,,,,,,,,,,
,,,,,,,,,,,,,,,,,,
,,,,,,,,,,,,,,,,,,
,,,,,,,,,,,,,,,,,,
,,,,,,,,,,,,,,,,,,
,,,,,,,,,,,,,,,,,,
,,,,,,,,,,,,,,,,,,
,,,,,,,,,,,,,,,,,,
,,,,,,,,,,,,,,,,,,
,,,,,,,,,,,,,,,,,,
,,,,,,,,,,,,,,,,,,
,,,,,,,,,,,,,,,,,,
,,,,,,,,,,,,,,,,,,
,,,,,,,,,,,,,,,,,,
,,,,,,,,,,,,,,,,,,
,,,,,,,,,,,,,,,,,,
,,,,,,,,,,,,,,,,,,
,,,,,,,,,,,,,,,,,,
,,,,,,,,,,,,,,,,,,
,,,,,,,,,,,,,,,,,,
,,,,,,,,,,,,,,,,,,
,,,,,,,,,,,,,,,,,,
,,,,,,,,,,,,,,,,,,
,,,,,,,,,,,,,,,,,,
,,,,,,,,,,,,,,,,,,
,,,,,,,,,,,,,,,,,,
,,,,,,,,,,,,,,,,,,
,,,,,,,,,,,,,,,,,,
,,,,,,,,,,,,,,,,,,
,,,,,,,,,,,,,,,,,,
,,,,,,,,,,,,,,,,,,
,,,,,,,,,,,,,,,,,,
,,,,,,,,,,,,,,,,,,
,,,,,,,,,,,,,,,,,,
,,,,,,,,,,,,,,,,,,
,,,,,,,,,,,,,,,,,,
,,,,,,,,,,,,,,,,,,
,,,,,,,,,,,,,,,,,,
,,,,,,,,,,,,,,,,,,
,,,,,,,,,,,,,,,,,,
,,,,,,,,,,,,,,,,,,
,,,,,,,,,,,,,,,,,,
,,,,,,,,,,,,,,,,,,
,,,,,,,,,,,,,,,,,,
,,,,,,,,,,,,,,,,,,
,,,,,,,,,,,,,,,,,,
,,,,,,,,,,,,,,,,,,
,,,,,,,,,,,,,,,,,,
,,,,,,,,,,,,,,,,,,
,,,,,,,,,,,,,,,,,,
,,,,,,,,,,,,,,,,,,
,,,,,,,,,,,,,,,,,,
,,,,,,,,,,,,,,,,,,
,,,,,,,,,,,,,,,,,,
,,,,,,,,,,,,,,,,,,
,,,,,,,,,,,,,,,,,,
,,,,,,,,,,,,,,,,,,
,,,,,,,,,,,,,,,,,,
,,,,,,,,,,,,,,,,,,
,,,,,,,,,,,,,,,,,,
,,,,,,,,,,,,,,,,,,
,,,,,,,,,,,,,,,,,,
,,,,,,,,,,,,,,,,,,
,,,,,,,,,,,,,,,,,,
,,,,,,,,,,,,,,,,,,
,,,,,,,,,,,,,,,,,,
,,,,,,,,,,,,,,,,,,
,,,,,,,,,,,,,,,,,,
,,,,,,,,,,,,,,,,,,
,,,,,,,,,,,,,,,,,,
,,,,,,,,,,,,,,,,,,
,,,,,,,,,,,,,,,,,,
,,,,,,,,,,,,,,,,,,
,,,,,,,,,,,,,,,,,,
,,,,,,,,,,,,,,,,,,
,,,,,,,,,,,,,,,,,,
,,,,,,,,,,,,,,,,,,
,,,,,,,,,,,,,,,,,,
,,,,,,,,,,,,,,,,,,
,,,,,,,,,,,,,,,,,,
,,,,,,,,,,,,,,,,,,
,,,,,,,,,,,,,,,,,,
,,,,,,,,,,,,,,,,,,
,,,,,,,,,,,,,,,,,,
,,,,,,,,,,,,,,,,,,
,,,,,,,,,,,,,,,,,,
,,,,,,,,,,,,,,,,,,
,,,,,,,,,,,,,,,,,,
,,,,,,,,,,,,,,,,,,
,,,,,,,,,,,,,,,,,,
,,,,,,,,,,,,,,,,,,
,,,,,,,,,,,,,,,,,,
,,,,,,,,,,,,,,,,,,
,,,,,,,,,,,,,,,,,,
,,,,,,,,,,,,,,,,,,
,,,,,,,,,,,,,,,,,,
,,,,,,,,,,,,,,,,,,
,,,,,,,,,,,,,,,,,,
,,,,,,,,,,,,,,,,,,
,,,,,,,,,,,,,,,,,,
,,,,,,,,,,,,,,,,,,
,,,,,,,,,,,,,,,,,,
,,,,,,,,,,,,,,,,,,
,,,,,,,,,,,,,,,,,,
,,,,,,,,,,,,,,,,,,
,,,,,,,,,,,,,,,,,,
,,,,,,,,,,,,,,,,,,
,,,,,,,,,,,,,,,,,,
,,,,,,,,,,,,,,,,,,
,,,,,,,,,,,,,,,,,,
,,,,,,,,,,,,,,,,,,
,,,,,,,,,,,,,,,,,,
,,,,,,,,,,,,,,,,,,
,,,,,,,,,,,,,,,,,,
,,,,,,,,,,,,,,,,,,
,,,,,,,,,,,,,,,,,,
,,,,,,,,,,,,,,,,,,
,,,,,,,,,,,,,,,,,,
,,,,,,,,,,,,,,,,,,
,,,,,,,,,,,,,,,,,,
,,,,,,,,,,,,,,,,,,
,,,,,,,,,,,,,,,,,,
,,,,,,,,,,,,,,,,,,
,,,,,,,,,,,,,,,,,,
,,,,,,,,,,,,,,,,,,
,,,,,,,,,,,,,,,,,,
,,,,,,,,,,,,,,,,,,
,,,,,,,,,,,,,,,,,,
,,,,,,,,,,,,,,,,,,
,,,,,,,,,,,,,,,,,,
,,,,,,,,,,,,,,,,,,
,,,,,,,,,,,,,,,,,,
,,,,,,,,,,,,,,,,,,
,,,,,,,,,,,,,,,,,,
,,,,,,,,,,,,,,,,,,
,,,,,,,,,,,,,,,,,,
,,,,,,,,,,,,,,,,,,
,,,,,,,,,,,,,,,,,,
,,,,,,,,,,,,,,,,,,
,,,,,,,,,,,,,,,,,,
,,,,,,,,,,,,,,,,,,
,,,,,,,,,,,,,,,,,,
,,,,,,,,,,,,,,,,,,
,,,,,,,,,,,,,,,,,,
,,,,,,,,,,,,,,,,,,
,,,,,,,,,,,,,,,,,,
,,,,,,,,,,,,,,,,,,
,,,,,,,,,,,,,,,,,,
,,,,,,,,,,,,,,,,,,
,,,,,,,,,,,,,,,,,,
,,,,,,,,,,,,,,,,,,
,,,,,,,,,,,,,,,,,,
,,,,,,,,,,,,,,,,,,
,,,,,,,,,,,,,,,,,,
,,,,,,,,,,,,,,,,,,
,,,,,,,,,,,,,,,,,,
,,,,,,,,,,,,,,,,,,
,,,,,,,,,,,,,,,,,,
,,,,,,,,,,,,,,,,,,
,,,,,,,,,,,,,,,,,,
,,,,,,,,,,,,,,,,,,
,,,,,,,,,,,,,,,,,,
,,,,,,,,,,,,,,,,,,
,,,,,,,,,,,,,,,,,,
,,,,,,,,,,,,,,,,,,
,,,,,,,,,,,,,,,,,,
,,,,,,,,,,,,,,,,,,
,,,,,,,,,,,,,,,,,,
,,,,,,,,,,,,,,,,,,
,,,,,,,,,,,,,,,,,,
,,,,,,,,,,,,,,,,,,
,,,,,,,,,,,,,,,,,,
,,,,,,,,,,,,,,,,,,
,,,,,,,,,,,,,,,,,,
,,,,,,,,,,,,,,,,,,
,,,,,,,,,,,,,,,,,,
,,,,,,,,,,,,,,,,,,
,,,,,,,,,,,,,,,,,,
,,,,,,,,,,,,,,,,,,
,,,,,,,,,,,,,,,,,,
,,,,,,,,,,,,,,,,,,
,,,,,,,,,,,,,,,,,,
,,,,,,,,,,,,,,,,,,
,,,,,,,,,,,,,,,,,,
,,,,,,,,,,,,,,,,,,
,,,,,,,,,,,,,,,,,,
,,,,,,,,,,,,,,,,,,
,,,,,,,,,,,,,,,,,,
,,,,,,,,,,,,,,,,,,
,,,,,,,,,,,,,,,,,,
,,,,,,,,,,,,,,,,,,
,,,,,,,,,,,,,,,,,,
,,,,,,,,,,,,,,,,,,
,,,,,,,,,,,,,,,,,,
,,,,,,,,,,,,,,,,,,
,,,,,,,,,,,,,,,,,,
,,,,,,,,,,,,,,,,,,
,,,,,,,,,,,,,,,,,,
,,,,,,,,,,,,,,,,,,
,,,,,,,,,,,,,,,,,,
,,,,,,,,,,,,,,,,,,
,,,,,,,,,,,,,,,,,,
,,,,,,,,,,,,,,,,,,
,,,,,,,,,,,,,,,,,,
,,,,,,,,,,,,,,,,,,
,,,,,,,,,,,,,,,,,,
,,,,,,,,,,,,,,,,,,
,,,,,,,,,,,,,,,,,,
,,,,,,,,,,,,,,,,,,
,,,,,,,,,,,,,,,,,,
,,,,,,,,,,,,,,,,,,
,,,,,,,,,,,,,,,,,,
,,,,,,,,,,,,,,,,,,
,,,,,,,,,,,,,,,,,,
,,,,,,,,,,,,,,,,,,
,,,,,,,,,,,,,,,,,,
,,,,,,,,,,,,,,,,,,
,,,,,,,,,,,,,,,,,,
,,,,,,,,,,,,,,,,,,
,,,,,,,,,,,,,,,,,,
,,,,,,,,,,,,,,,,,,
,,,,,,,,,,,,,,,,,,
,,,,,,,,,,,,,,,,,,
,,,,,,,,,,,,,,,,,,
,,,,,,,,,,,,,,,,,,
,,,,,,,,,,,,,,,,,,
,,,,,,,,,,,,,,,,,,
,,,,,,,,,,,,,,,,,,
,,,,,,,,,,,,,,,,,,
,,,,,,,,,,,,,,,,,,
,,,,,,,,,,,,,,,,,,
,,,,,,,,,,,,,,,,,,
,,,,,,,,,,,,,,,,,,
,,,,,,,,,,,,,,,,,,
,,,,,,,,,,,,,,,,,,
,,,,,,,,,,,,,,,,,,
,,,,,,,,,,,,,,,,,,
,,,,,,,,,,,,,,,,,,
,,,,,,,,,,,,,,,,,,
,,,,,,,,,,,,,,,,,,
,,,,,,,,,,,,,,,,,,
,,,,,,,,,,,,,,,,,,
,,,,,,,,,,,,,,,,,,
,,,,,,,,,,,,,,,,,,
,,,,,,,,,,,,,,,,,,
,,,,,,,,,,,,,,,,,,
,,,,,,,,,,,,,,,,,,
,,,,,,,,,,,,,,,,,,
,,,,,,,,,,,,,,,,,,
,,,,,,,,,,,,,,,,,,
,,,,,,,,,,,,,,,,,,
,,,,,,,,,,,,,,,,,,
,,,,,,,,,,,,,,,,,,
,,,,,,,,,,,,,,,,,,
,,,,,,,,,,,,,,,,,,
,,,,,,,,,,,,,,,,,,
,,,,,,,,,,,,,,,,,,
,,,,,,,,,,,,,,,,,,
,,,,,,,,,,,,,,,,,,
,,,,,,,,,,,,,,,,,,
,,,,,,,,,,,,,,,,,,
,,,,,,,,,,,,,,,,,,
,,,,,,,,,,,,,,,,,,
,,,,,,,,,,,,,,,,,,
,,,,,,,,,,,,,,,,,,
,,,,,,,,,,,,,,,,,,
,,,,,,,,,,,,,,,,,,
,,,,,,,,,,,,,,,,,,
,,,,,,,,,,,,,,,,,,
,,,,,,,,,,,,,,,,,,
,,,,,,,,,,,,,,,,,,
,,,,,,,,,,,,,,,,,,
,,,,,,,,,,,,,,,,,,
,,,,,,,,,,,,,,,,,,
,,,,,,,,,,,,,,,,,,
,,,,,,,,,,,,,,,,,,
,,,,,,,,,,,,,,,,,,
,,,,,,,,,,,,,,,,,,
,,,,,,,,,,,,,,,,,,
,,,,,,,,,,,,,,,,,,
,,,,,,,,,,,,,,,,,,
,,,,,,,,,,,,,,,,,,
,,,,,,,,,,,,,,,,,,
,,,,,,,,,,,,,,,,,,
,,,,,,,,,,,,,,,,,,
,,,,,,,,,,,,,,,,,,
,,,,,,,,,,,,,,,,,,
,,,,,,,,,,,,,,,,,,
,,,,,,,,,,,,,,,,,,
,,,,,,,,,,,,,,,,,,
,,,,,,,,,,,,,,,,,,
,,,,,,,,,,,,,,,,,,
,,,,,,,,,,,,,,,,,,
,,,,,,,,,,,,,,,,,,
,,,,,,,,,,,,,,,,,,
,,,,,,,,,,,,,,,,,,
,,,,,,,,,,,,,,,,,,
,,,,,,,,,,,,,,,,,,
,,,,,,,,,,,,,,,,,,
,,,,,,,,,,,,,,,,,,
,,,,,,,,,,,,,,,,,,
,,,,,,,,,,,,,,,,,,
,,,,,,,,,,,,,,,,,,
,,,,,,,,,,,,,,,,,,
,,,,,,,,,,,,,,,,,,
,,,,,,,,,,,,,,,,,,
,,,,,,,,,,,,,,,,,,
,,,,,,,,,,,,,,,,,,
,,,,,,,,,,,,,,,,,,
,,,,,,,,,,,,,,,,,,
,,,,,,,,,,,,,,,,,,
,,,,,,,,,,,,,,,,,,
,,,,,,,,,,,,,,,,,,
,,,,,,,,,,,,,,,,,,
,,,,,,,,,,,,,,,,,,
,,,,,,,,,,,,,,,,,,
,,,,,,,,,,,,,,,,,,
,,,,,,,,,,,,,,,,,,
,,,,,,,,,,,,,,,,,,
,,,,,,,,,,,,,,,,,,
,,,,,,,,,,,,,,,,,,
,,,,,,,,,,,,,,,,,,
,,,,,,,,,,,,,,,,,,
,,,,,,,,,,,,,,,,,,
,,,,,,,,,,,,,,,,,,
,,,,,,,,,,,,,,,,,,
,,,,,,,,,,,,,,,,,,
,,,,,,,,,,,,,,,,,,
,,,,,,,,,,,,,,,,,,
,,,,,,,,,,,,,,,,,,
,,,,,,,,,,,,,,,,,,
,,,,,,,,,,,,,,,,,,
,,,,,,,,,,,,,,,,,,
,,,,,,,,,,,,,,,,,,
,,,,,,,,,,,,,,,,,,
,,,,,,,,,,,,,,,,,,
,,,,,,,,,,,,,,,,,,
,,,,,,,,,,,,,,,,,,
,,,,,,,,,,,,,,,,,,
,,,,,,,,,,,,,,,,,,
,,,,,,,,,,,,,,,,,,
,,,,,,,,,,,,,,,,,,
,,,,,,,,,,,,,,,,,,
,,,,,,,,,,,,,,,,,,
,,,,,,,,,,,,,,,,,,
,,,,,,,,,,,,,,,,,,
,,,,,,,,,,,,,,,,,,
,,,,,,,,,,,,,,,,,,
,,,,,,,,,,,,,,,,,,
,,,,,,,,,,,,,,,,,,
,,,,,,,,,,,,,,,,,,
,,,,,,,,,,,,,,,,,,
,,,,,,,,,,,,,,,,,,
,,,,,,,,,,,,,,,,,,
,,,,,,,,,,,,,,,,,,
,,,,,,,,,,,,,,,,,,
,,,,,,,,,,,,,,,,,,
,,,,,,,,,,,,,,,,,,
,,,,,,,,,,,,,,,,,,
,,,,,,,,,,,,,,,,,,
,,,,,,,,,,,,,,,,,,
,,,,,,,,,,,,,,,,,,
,,,,,,,,,,,,,,,,,,
,,,,,,,,,,,,,,,,,,
,,,,,,,,,,,,,,,,,,
,,,,,,,,,,,,,,,,,,
,,,,,,,,,,,,,,,,,,
,,,,,,,,,,,,,,,,,,
,,,,,,,,,,,,,,,,,,
,,,,,,,,,,,,,,,,,,
,,,,,,,,,,,,,,,,,,
,,,,,,,,,,,,,,,,,,
,,,,,,,,,,,,,,,,,,
,,,,,,,,,,,,,,,,,,
,,,,,,,,,,,,,,,,,,
,,,,,,,,,,,,,,,,,,
,,,,,,,,,,,,,,,,,,
,,,,,,,,,,,,,,,,,,
,,,,,,,,,,,,,,,,,,
,,,,,,,,,,,,,,,,,,
,,,,,,,,,,,,,,,,,,
,,,,,,,,,,,,,,,,,,
,,,,,,,,,,,,,,,,,,
,,,,,,,,,,,,,,,,,,
,,,,,,,,,,,,,,,,,,
,,,,,,,,,,,,,,,,,,
,,,,,,,,,,,,,,,,,,
,,,,,,,,,,,,,,,,,,
,,,,,,,,,,,,,,,,,,
,,,,,,,,,,,,,,,,,,
,,,,,,,,,,,,,,,,,,
,,,,,,,,,,,,,,,,,,
,,,,,,,,,,,,,,,,,,
,,,,,,,,,,,,,,,,,,
,,,,,,,,,,,,,,,,,,
,,,,,,,,,,,,,,,,,,
,,,,,,,,,,,,,,,,,,
,,,,,,,,,,,,,,,,,,
,,,,,,,,,,,,,,,,,,
,,,,,,,,,,,,,,,,,,
,,,,,,,,,,,,,,,,,,
,,,,,,,,,,,,,,,,,,
,,,,,,,,,,,,,,,,,,
,,,,,,,,,,,,,,,,,,
,,,,,,,,,,,,,,,,,,
,,,,,,,,,,,,,,,,,,
,,,,,,,,,,,,,,,,,,
,,,,,,,,,,,,,,,,,,
,,,,,,,,,,,,,,,,,,
,,,,,,,,,,,,,,,,,,
,,,,,,,,,,,,,,,,,,
,,,,,,,,,,,,,,,,,,
,,,,,,,,,,,,,,,,,,
,,,,,,,,,,,,,,,,,,
,,,,,,,,,,,,,,,,,,
,,,,,,,,,,,,,,,,,,
,,,,,,,,,,,,,,,,,,
,,,,,,,,,,,,,,,,,,
,,,,,,,,,,,,,,,,,,
,,,,,,,,,,,,,,,,,,
,,,,,,,,,,,,,,,,,,
,,,,,,,,,,,,,,,,,,
,,,,,,,,,,,,,,,,,,
,,,,,,,,,,,,,,,,,,
,,,,,,,,,,,,,,,,,,
,,,,,,,,,,,,,,,,,,
,,,,,,,,,,,,,,,,,,
,,,,,,,,,,,,,,,,,,
,,,,,,,,,,,,,,,,,,
,,,,,,,,,,,,,,,,,,
,,,,,,,,,,,,,,,,,,
,,,,,,,,,,,,,,,,,,
,,,,,,,,,,,,,,,,,,
,,,,,,,,,,,,,,,,,,
,,,,,,,,,,,,,,,,,,
,,,,,,,,,,,,,,,,,,
,,,,,,,,,,,,,,,,,,
,,,,,,,,,,,,,,,,,,
,,,,,,,,,,,,,,,,,,
,,,,,,,,,,,,,,,,,,
,,,,,,,,,,,,,,,,,,
,,,,,,,,,,,,,,,,,,
,,,,,,,,,,,,,,,,,,
,,,,,,,,,,,,,,,,,,
,,,,,,,,,,,,,,,,,,
,,,,,,,,,,,,,,,,,,
,,,,,,,,,,,,,,,,,,
,,,,,,,,,,,,,,,,,,
,,,,,,,,,,,,,,,,,,
,,,,,,,,,,,,,,,,,,
,,,,,,,,,,,,,,,,,,
,,,,,,,,,,,,,,,,,,
,,,,,,,,,,,,,,,,,,
,,,,,,,,,,,,,,,,,,
,,,,,,,,,,,,,,,,,,
,,,,,,,,,,,,,,,,,,
,,,,,,,,,,,,,,,,,,
,,,,,,,,,,,,,,,,,,
,,,,,,,,,,,,,,,,,,
,,,,,,,,,,,,,,,,,,
,,,,,,,,,,,,,,,,,,
,,,,,,,,,,,,,,,,,,
,,,,,,,,,,,,,,,,,,
,,,,,,,,,,,,,,,,,,
,,,,,,,,,,,,,,,,,,
,,,,,,,,,,,,,,,,,,
,,,,,,,,,,,,,,,,,,
,,,,,,,,,,,,,,,,,,
,,,,,,,,,,,,,,,,,,
,,,,,,,,,,,,,,,,,,
,,,,,,,,,,,,,,,,,,
,,,,,,,,,,,,,,,,,,
,,,,,,,,,,,,,,,,,,
,,,,,,,,,,,,,,,,,,
,,,,,,,,,,,,,,,,,,
,,,,,,,,,,,,,,,,,,
,,,,,,,,,,,,,,,,,,
,,,,,,,,,,,,,,,,,,
,,,,,,,,,,,,,,,,,,
,,,,,,,,,,,,,,,,,,
,,,,,,,,,,,,,,,,,,
,,,,,,,,,,,,,,,,,,
,,,,,,,,,,,,,,,,,,
,,,,,,,,,,,,,,,,,,
,,,,,,,,,,,,,,,,,,
,,,,,,,,,,,,,,,,,,
,,,,,,,,,,,,,,,,,,
,,,,,,,,,,,,,,,,,,
,,,,,,,,,,,,,,,,,,
,,,,,,,,,,,,,,,,,,
,,,,,,,,,,,,,,,,,,
,,,,,,,,,,,,,,,,,,
,,,,,,,,,,,,,,,,,,
,,,,,,,,,,,,,,,,,,
,,,,,,,,,,,,,,,,,,
,,,,,,,,,,,,,,,,,,
,,,,,,,,,,,,,,,,,,
,,,,,,,,,,,,,,,,,,
,,,,,,,,,,,,,,,,,,
,,,,,,,,,,,,,,,,,,
,,,,,,,,,,,,,,,,,,
,,,,,,,,,,,,,,,,,,
,,,,,,,,,,,,,,,,,,
,,,,,,,,,,,,,,,,,,
,,,,,,,,,,,,,,,,,,
,,,,,,,,,,,,,,,,,,
,,,,,,,,,,,,,,,,,,
,,,,,,,,,,,,,,,,,,
,,,,,,,,,,,,,,,,,,
,,,,,,,,,,,,,,,,,,
,,,,,,,,,,,,,,,,,,
,,,,,,,,,,,,,,,,,,
,,,,,,,,,,,,,,,,,,
,,,,,,,,,,,,,,,,,,
,,,,,,,,,,,,,,,,,,
,,,,,,,,,,,,,,,,,,
,,,,,,,,,,,,,,,,,,
,,,,,,,,,,,,,,,,,,
,,,,,,,,,,,,,,,,,,
,,,,,,,,,,,,,,,,,,
,,,,,,,,,,,,,,,,,,
,,,,,,,,,,,,,,,,,,
,,,,,,,,,,,,,,,,,,
,,,,,,,,,,,,,,,,,,
,,,,,,,,,,,,,,,,,,
,,,,,,,,,,,,,,,,,,
,,,,,,,,,,,,,,,,,,
,,,,,,,,,,,,,,,,,,
,,,,,,,,,,,,,,,,,,
,,,,,,,,,,,,,,,,,,
,,,,,,,,,,,,,,,,,,
,,,,,,,,,,,,,,,,,,
,,,,,,,,,,,,,,,,,,
,,,,,,,,,,,,,,,,,,
,,,,,,,,,,,,,,,,,,
,,,,,,,,,,,,,,,,,,
,,,,,,,,,,,,,,,,,,
,,,,,,,,,,,,,,,,,,
,,,,,,,,,,,,,,,,,,
,,,,,,,,,,,,,,,,,,
,,,,,,,,,,,,,,,,,,
,,,,,,,,,,,,,,,,,,
,,,,,,,,,,,,,,,,,,
,,,,,,,,,,,,,,,,,,
,,,,,,,,,,,,,,,,,,
,,,,,,,,,,,,,,,,,,
,,,,,,,,,,,,,,,,,,
,,,,,,,,,,,,,,,,,,
,,,,,,,,,,,,,,,,,,
,,,,,,,,,,,,,,,,,,
,,,,,,,,,,,,,,,,,,
,,,,,,,,,,,,,,,,,,
,,,,,,,,,,,,,,,,,,
